{
  "routes": [
    {
      "route": "/api/*",
      "allowedRoles": ["anonymous"]
    },
    {
      "route": "/admin/*",
      "allowedRoles": ["authenticated"]
    },
    {
      "route": "/*",
      "serve": "/index.html",
      "statusCode": 200
    }
  ],
  "navigationFallback": {
    "rewrite": "/index.html",
    "exclude": ["/images/*.{png,jpg,gif,svg}", "/css/*", "/js/*", "/api/*"]
  },
  "responseOverrides": {
    "401": {
      "redirect": "/login",
      "statusCode": 302
    },
    "403": {
      "redirect": "/",
      "statusCode": 302
    }
  },
  "globalHeaders": {
    "X-Content-Type-Options": "nosniff",
    "X-Frame-Options": "DENY",
    "X-XSS-Protection": "1; mode=block",
    "Strict-Transport-Security": "max-age=31536000; includeSubDomains"
  },
  "mimeTypes": {
    ".json": "application/json",
    ".js": "application/javascript",
    ".css": "text/css",
    ".html": "text/html",
    ".png": "image/png",
    ".jpg": "image/jpeg",
    ".gif": "image/gif",
    ".svg": "image/svg+xml"
  }
}
